nom;DateCreation;image
Abondance;01/01/1900;
Angors;01/01/1900;
Anneau du Vic-Bilh;01/01/1900;
Appenzeller;01/01/1900;
Beaufort AOP;01/01/1900;
Bergues Torchon;01/01/1900;
Besace Fermièe;01/01/1900;
Bethmale;01/01/1900;
Bichonnet;01/01/1900;
Bleu d'Auvergne AOP;01/01/1900;
Bleu de Bonneval;01/01/1900;
Bleu de brebis;01/01/1900;
Bleu de chèvre;01/01/1900;
Bleu de Gex;01/01/1900;
Bleu de la Chataigneraie;01/01/1900;
Bleu de laqueuille;01/01/1900;
Bleu des Causses AOP;01/01/1900;
Bleu du Val d'Aillon;01/01/1900;
Bleu du Vercors-Sassenage;01/01/1900;
Boulette d'avesnes;01/01/1900;
Brézain (Raclette fumée);01/01/1900;
Brie de Meaux AOP;01/01/1900;
Brie de Melun AOP;01/01/1900;
Brie de Nangis;01/01/1900;
Brillat-Savarin AOP;01/01/1900;
